Generation,MaxFitness
1,8.360001000000166
2,7.300001000000159
3,8.352001000000165
4,68.65000099999916
