Generation,MaxFitness
1,8.27000100000017
2,7.318001000000166
3,9.176001000000111
4,9.280001000000134
5,9.28400100000011
6,10.658001000000189
