Generation,MaxFitness
1,4.058000999999969
2,4.190000999999964
3,7.486001000000035
4,6.3140009999999736
5,10.138001000000102
